case,real_secret,regex_flag,ai_flag,either_flag,both_flag,ai_seconds,ai_reason
L1_aws_key,1,1,1,1,1,6.32,"SECRET: yes | REASON: The AWS_ACCESS_KEY_ID variable contains an API key, which is a hardcoded credential. This should be moved to a secure environment variable or configuration management system befo"
L2_password_literal,1,1,1,1,1,3.92,SECRET: yes | REASON: API password hardcoded in settings.py file
L3_private_key,1,1,1,1,1,5.95,"SECRET: yes | REASON: Private SSH key (id_rsa) has been added to deploy directory, which potentially contains sensitive information. Please consider moving it to a secure location or encrypting it bef"
L4_conn_string,1,0,1,1,0,5.93,SECRET: yes | REASON: The DATABASE_URL variable contains a hardcoded password. It should be stored securely and not committed to version control. Consider using environment variables or other secure m
L5_webhook_url,1,0,1,1,0,5.44,SECRET: yes | REASON: API hook URL is hardcoded and should be stored securely as an environment variable. Please consider using environment variables to store sensitive information for future commits.
L6_token_in_yaml,1,1,1,1,1,4.72,SECRET: yes | REASON: API key is hardcoded in the gh_pat variable. Please consider using environment variables for sensitive data.
C1_env_var_password,0,1,1,1,1,5.14,"SECRET: yes | REASON: The DB_PASSWORD variable is being read from an environment variable, which is a secure practice. No hardcoded credentials are present in this diff."
C2_token_from_header,0,1,1,1,1,6.37,"SECRET: yes | REASON: The token is being hardcoded and retrieved from the Authorization header of a request, which could potentially expose sensitive information. It's recommended to use environment v"
C3_password_form_field,0,0,1,1,0,7.42,SECRET: yes | REASON: The added line includes an input field for password which could potentially expose sensitive user data if not handled securely. It should be encrypted or hashed before storing or
C4_normal_code,0,0,0,0,0,5.87,SECRET: no | REASON: The provided diff does not contain any hardcoded secrets as per your criteria. The added code only defines a function for applying tax to a price. No sensitive data is visible in 
C5_docs_mention,0,1,1,1,1,13.52,"SECRET: yes | REASON: The README.md now includes a warning to set an API key in a .env file, which should not be committed. However, the actual API key is not hardcoded in this diff, so no action is n"
C6_secret_setting_name,0,1,1,1,1,6.48,"SECRET: yes | REASON: The code is reading a secret from an environment variable (os.getenv(""SECRET_KEY"")), which is a secure practice for handling secrets. No sensitive data is hardcoded in this diff."
